{
  "hash": "a6cac3b9",
  "configHash": "e1a2cd78",
  "lockfileHash": "55a76482",
  "browserHash": "53d204bb",
  "optimized": {
    "@angular/common": {
      "src": "../../../../../../node_modules/@angular/common/fesm2022/common.mjs",
      "file": "@angular_common.js",
      "fileHash": "ecf0e7d8",
      "needsInterop": false
    },
    "@angular/common/http": {
      "src": "../../../../../../node_modules/@angular/common/fesm2022/http.mjs",
      "file": "@angular_common_http.js",
      "fileHash": "0b35077a",
      "needsInterop": false
    },
    "@angular/core": {
      "src": "../../../../../../node_modules/@angular/core/fesm2022/core.mjs",
      "file": "@angular_core.js",
      "fileHash": "da1c10df",
      "needsInterop": false
    },
    "@angular/platform-browser": {
      "src": "../../../../../../node_modules/@angular/platform-browser/fesm2022/platform-browser.mjs",
      "file": "@angular_platform-browser.js",
      "fileHash": "f6ec3167",
      "needsInterop": false
    },
    "@angular/router": {
      "src": "../../../../../../node_modules/@angular/router/fesm2022/router.mjs",
      "file": "@angular_router.js",
      "fileHash": "40ae3b03",
      "needsInterop": false
    }
  },
  "chunks": {
    "chunk-VPME2EXV": {
      "file": "chunk-VPME2EXV.js"
    },
    "chunk-2YA27I6D": {
      "file": "chunk-2YA27I6D.js"
    },
    "chunk-5RV5HEQI": {
      "file": "chunk-5RV5HEQI.js"
    },
    "chunk-NVUUVSZD": {
      "file": "chunk-NVUUVSZD.js"
    },
    "chunk-2M4UMX5N": {
      "file": "chunk-2M4UMX5N.js"
    }
  }
}