{
  "hash": "383c664c",
  "configHash": "49084584",
  "lockfileHash": "953d1564",
  "browserHash": "60d43175",
  "optimized": {
    "@angular/common": {
      "src": "../../../../../../node_modules/@angular/common/fesm2022/common.mjs",
      "file": "@angular_common.js",
      "fileHash": "1c34db5f",
      "needsInterop": false
    },
    "@angular/core": {
      "src": "../../../../../../node_modules/@angular/core/fesm2022/core.mjs",
      "file": "@angular_core.js",
      "fileHash": "6326f26f",
      "needsInterop": false
    },
    "@angular/forms": {
      "src": "../../../../../../node_modules/@angular/forms/fesm2022/forms.mjs",
      "file": "@angular_forms.js",
      "fileHash": "381570e2",
      "needsInterop": false
    },
    "@angular/platform-browser": {
      "src": "../../../../../../node_modules/@angular/platform-browser/fesm2022/platform-browser.mjs",
      "file": "@angular_platform-browser.js",
      "fileHash": "85aa3fae",
      "needsInterop": false
    },
    "@angular/router": {
      "src": "../../../../../../node_modules/@angular/router/fesm2022/router.mjs",
      "file": "@angular_router.js",
      "fileHash": "3337434f",
      "needsInterop": false
    }
  },
  "chunks": {
    "chunk-PNWQ2IA7": {
      "file": "chunk-PNWQ2IA7.js"
    },
    "chunk-KCC24CNX": {
      "file": "chunk-KCC24CNX.js"
    },
    "chunk-QU6MX3AP": {
      "file": "chunk-QU6MX3AP.js"
    }
  }
}