{
  "hash": "b23c9667",
  "configHash": "7a4c168a",
  "lockfileHash": "ba38828b",
  "browserHash": "944acda0",
  "optimized": {
    "@angular/common": {
      "src": "../../../../../../node_modules/@angular/common/fesm2022/common.mjs",
      "file": "@angular_common.js",
      "fileHash": "dbd4231b",
      "needsInterop": false
    },
    "@angular/core": {
      "src": "../../../../../../node_modules/@angular/core/fesm2022/core.mjs",
      "file": "@angular_core.js",
      "fileHash": "1f2bbb09",
      "needsInterop": false
    },
    "@angular/forms": {
      "src": "../../../../../../node_modules/@angular/forms/fesm2022/forms.mjs",
      "file": "@angular_forms.js",
      "fileHash": "92b0f044",
      "needsInterop": false
    },
    "@angular/platform-browser": {
      "src": "../../../../../../node_modules/@angular/platform-browser/fesm2022/platform-browser.mjs",
      "file": "@angular_platform-browser.js",
      "fileHash": "71bc3a23",
      "needsInterop": false
    },
    "@angular/router": {
      "src": "../../../../../../node_modules/@angular/router/fesm2022/router.mjs",
      "file": "@angular_router.js",
      "fileHash": "486810da",
      "needsInterop": false
    }
  },
  "chunks": {
    "chunk-PNWQ2IA7": {
      "file": "chunk-PNWQ2IA7.js"
    },
    "chunk-KCC24CNX": {
      "file": "chunk-KCC24CNX.js"
    },
    "chunk-QU6MX3AP": {
      "file": "chunk-QU6MX3AP.js"
    }
  }
}